qtr,East North Central_Asian,East South Central_Asian,Middle Atlantic_Asian,Mountain_Asian,New England_Asian,Pacific_Asian,South Atlantic_Asian,West North Central_Asian,West South Central_Asian,US_Asian,East North Central_Black,East South Central_Black,Middle Atlantic_Black,Mountain_Black,New England_Black,Pacific_Black,South Atlantic_Black,West North Central_Black,West South Central_Black,US_Black,East North Central_Hispanic,East South Central_Hispanic,Middle Atlantic_Hispanic,Mountain_Hispanic,New England_Hispanic,Pacific_Hispanic,South Atlantic_Hispanic,West North Central_Hispanic,West South Central_Hispanic,US_Hispanic,East North Central_White,East South Central_White,Middle Atlantic_White,Mountain_White,New England_White,Pacific_White,South Atlantic_White,West North Central_White,West South Central_White,US_White
2012 Q2,0.04952965497096394,0.09019742090050399,0.05165398370366323,0.07069251485713002,0.03988601544128953,0.06377102883342442,0.043720877154254024,0.050180053490345544,0.05503242903520622,0.0637270256705133,0.15031238704714137,0.14240920963215498,0.1446491678050913,0.09258430131528186,0.14794285056290624,0.1424234669470282,0.12702712681659944,0.11917541600983976,0.11117172506809107,0.1364964531959855,0.0993458553363612,0.08530568188218772,0.11785835070175428,0.09751741794457364,0.13311047047156288,0.1056284722141952,0.08554877226788553,0.07244807886982517,0.07790368003658209,0.10644923564842323,0.07100482995063397,0.06896259294911125,0.07285405392371135,0.06417845861903193,0.06233167638839492,0.06747913646095594,0.06695854851338906,0.042324651994867915,0.046819005479727144,0.06747600364135208
2012 Q3,0.04565223939178041,0.04816708893104546,0.05623454824722773,0.07571187537228358,0.038843393427539216,0.05623002450584567,0.0438537024534455,0.05185968151814921,0.05289934850785222,0.05933811180173605,0.16282459295130636,0.14751035816014085,0.14438427711490057,0.0917872380186648,0.12303615997023837,0.15276962343995068,0.12870546896196003,0.11583721646181314,0.11474648378443512,0.1408567439714343,0.09241447081408014,0.06569981593803405,0.11276711283039452,0.09865718765362831,0.12937329929169702,0.09971770188909268,0.08566763101212053,0.061031142953595054,0.07367255836685242,0.10112079373254249,0.06913062867716713,0.06790132268362543,0.07335662948166043,0.060898630192373605,0.0641300197055398,0.06562293630273595,0.06329408342236179,0.042473410872816635,0.04520089555660259,0.06583788252864314
2012 Q4,0.05796214197879957,0.04587521077511242,0.05796006076407341,0.06615053597316914,0.04315056765709728,0.05724524576800194,0.049054144722486336,0.04744177605269534,0.05955778974237808,0.06166058588419805,0.18088206706585352,0.13253226170147958,0.1453374813684272,0.10400615701714722,0.1074235411839045,0.13960933359227323,0.13272754974306747,0.11392829561805645,0.11475216824703272,0.140135888382399,0.10239755721248842,0.08395339723732767,0.10692897026826523,0.09984953544617912,0.1198861352694339,0.09579589665761944,0.08386508427275095,0.05850716562536072,0.0694217186288803,0.09788780714801029,0.06573102011018,0.06805762098620333,0.07162766279024313,0.05781639365554569,0.0640408688498339,0.06171033891049152,0.05957217430247773,0.042280904520329815,0.045394799520697485,0.06290060030174284
2013 Q1,0.0596020085656042,0.043519818289416756,0.06128714755942091,0.07027914999910477,0.049522450999084734,0.05675636328266742,0.05003733915527451,0.0378555421868565,0.049485889861650166,0.06203212280494777,0.16853155928596839,0.12841960353069853,0.13442084116118133,0.10495909498922128,0.10934671060587202,0.12809607949220966,0.12886176838573316,0.11341528767634301,0.11835722889235868,0.13492779552379117,0.12082809168689207,0.09906210072663994,0.10679172745628229,0.09843884431320608,0.13080463764162492,0.09195870514535054,0.07819279218683059,0.06464729940916449,0.07044266324157353,0.09807309543376608,0.0667236034277023,0.0680925846478592,0.0697258430016668,0.054359127299874826,0.061836582677516405,0.059805488408749746,0.05892310574037659,0.04147950465676076,0.0467829220176212,0.06249988031461472
2013 Q2,0.043002101139209756,0.036326961064129616,0.05590802483625241,0.0757031817589138,0.05205407827409664,0.05103629565893751,0.04598423610610325,0.03806197605995419,0.04544547365255569,0.05528703415610008,0.1541691773504607,0.13511213098881691,0.13033893629067803,0.1131649397278136,0.11187154766950878,0.1378054216929901,0.12126482385003094,0.10757325482837586,0.1195261130223103,0.132485553681697,0.11387139083942996,0.09078158997796879,0.10258582156446026,0.08788026977766586,0.1281748843849632,0.08394047302444888,0.07403440384444702,0.06850458955451057,0.07038259786718576,0.09148080177998798,0.06803160333972914,0.06623003589838634,0.06755887718947357,0.05254623139684701,0.06045468868370681,0.061774093813619445,0.057708988883970386,0.040458167698558666,0.046630916339033365,0.06216222588249848
2013 Q3,0.039608434150575425,0.03265781138789488,0.04699276766992993,0.07680917358330695,0.061359136366850774,0.051233188198835246,0.04541379153448683,0.039730368321767635,0.04201980291921807,0.05311309251041604,0.16045680262960935,0.1426677887406781,0.13985567639027718,0.13556092617618995,0.11355702710203891,0.1364557775681396,0.11697279331086718,0.10805404044226016,0.11040968863300998,0.13177252936426956,0.10520546337385307,0.08680753960642684,0.10053367148520075,0.08147165566357462,0.12411942720476732,0.0828269679911182,0.06926324755779799,0.06046174150027164,0.0708185595060975,0.08734980420735101,0.06566563093312612,0.06222729272193681,0.06282795933291338,0.051203527591782656,0.058273222764466906,0.06053520432585086,0.05571725169849138,0.03970826021409396,0.04527630241673493,0.05900339109503495
2013 Q4,0.032453764229009634,0.031028825396890322,0.054175000139701134,0.0693027844207409,0.06061292498426356,0.053038506344936974,0.041956645228123,0.044981137628372324,0.033459315556190895,0.05362045130223948,0.15905665313229272,0.1336673877670676,0.13347889483505734,0.13687783534827003,0.10641777068199605,0.11793330905404499,0.1134871184872478,0.10722475736533066,0.10368560853413955,0.1256838433122853,0.10673268210137268,0.07851052989308324,0.09843646472294808,0.08263539351565016,0.13117930007722292,0.08333671507436867,0.07297469166923444,0.06195013816821316,0.0645539105328779,0.0873074299547234,0.06093316212571286,0.06086414778090643,0.057501884110976405,0.048260056291032354,0.05472878511805547,0.05584413990433624,0.05095634499379348,0.03780982419392217,0.04426408146914418,0.055250706614286715
2014 Q1,0.036465132810428395,0.030191078862959086,0.05972218338788836,0.04080891906731951,0.04682928027171246,0.05203088320096582,0.0427330611018144,0.04317022191600618,0.04047806138870207,0.05318611297372152,0.14760285858213207,0.12687962674028228,0.1190548253243013,0.11214510544532769,0.11219572495278002,0.11251144753215574,0.10950671627909662,0.10872614451364591,0.10015805380465033,0.1190104055333341,0.09395521116228073,0.07031554907654097,0.09794633033099924,0.07935307051613283,0.1191544288121787,0.08106379104990738,0.07595973468044293,0.06408249410005744,0.057272584439259235,0.08422034478102573,0.05692753528122065,0.059690896479166616,0.053723255061350936,0.04576051563586307,0.05233720074384774,0.053375052947214,0.04795158397457436,0.03648334455206868,0.042620606385124694,0.05305906163971832
2014 Q2,0.04595499735009235,0.018707785487268935,0.06179814293629539,0.029953985118243168,0.054089106989988624,0.05409292214019136,0.04138364270075461,0.036372987546175906,0.0407467679144315,0.052127574402105976,0.13152953397242956,0.13200053839668674,0.10849529824086014,0.09688749945155928,0.12460058726493502,0.11507229739122797,0.10704632245605626,0.11101568292829535,0.09526376915914476,0.1117311008538345,0.0816482102258105,0.06351592586086385,0.09013533735928181,0.07113652736395502,0.10918465427146014,0.07783691604272297,0.0693778612219641,0.06313438478101689,0.05666900304310545,0.07565411934034062,0.05354517575306039,0.055896471790015195,0.05073786675291166,0.044546227169808716,0.048019805958307765,0.05178867912319871,0.04884572267049334,0.03413959639166581,0.04221077909727757,0.04962376212722277
2014 Q3,0.04630065155345114,0.029344500808365016,0.04843051934218701,0.04300310512952908,0.06535108634578646,0.05221388506519168,0.03418623515101759,0.039865974357646446,0.037636769335500725,0.04973542708731158,0.13342036161527385,0.12000648635924965,0.10861474550750522,0.09509261813889228,0.11111638173796079,0.12738432663212418,0.10348633395037456,0.1120938854718077,0.10020239574125717,0.1142411568798438,0.07424290000006636,0.056466982590813224,0.08244099660918816,0.06584066978277331,0.11422319871550742,0.07275703647468515,0.0622174592604793,0.06106378900994818,0.05663932750088132,0.07187985927710579,0.0493158300293956,0.05384374240113916,0.049013679723013674,0.04287881800429269,0.04442025607186121,0.050021186264744014,0.04951397055270548,0.031427909252234904,0.0412439956695198,0.048248421704439985
2014 Q4,0.046859351927954825,0.04201740638267281,0.04644881437682118,0.056360252547347084,0.055687238249682906,0.04549123384354765,0.033056548510848494,0.04795905823240999,0.036904854084310705,0.04693083725873275,0.14338558260266776,0.10146681450632469,0.11744589846127686,0.09967445720072955,0.09180071180539776,0.1239369105320864,0.10048818720947957,0.10640480463919419,0.1072052540912236,0.11051995539259807,0.07338070513855417,0.0639037064210525,0.07634856732922114,0.06309294578843723,0.10468636153959966,0.06693179380532488,0.06006527532941441,0.04988607809259246,0.054513498739635645,0.06719620813878632,0.04378565443779706,0.052530312280829265,0.04630241219837118,0.04044336461751078,0.04413190141532347,0.04906681512744872,0.04753470568951563,0.03069158752106544,0.03828442212943041,0.044578181459895436
2015 Q1,0.039025968787327635,0.06409981668072214,0.04816610405910162,0.038431509051916876,0.037054347304840425,0.04224754478281199,0.03493410250292905,0.04103330173183199,0.03063187684508259,0.043554544745523865,0.1213464986610177,0.09345740771650725,0.11449236744117613,0.09939612585331584,0.10812534001084749,0.10137121737595584,0.10049260828978629,0.09194076528901492,0.10212977197019686,0.10339907363359158,0.07601733212406549,0.059585755057896754,0.07674537550876324,0.06529429398166325,0.09371559618437579,0.06728777655898208,0.06313044437489675,0.03720107148923702,0.052404444690357016,0.06729426480423943,0.04313601390622028,0.05165156265488414,0.04429116003422114,0.038838320173360294,0.04108806894730526,0.04655103761885988,0.04464603342703635,0.031577181728925034,0.03964468126340335,0.04355150054055355
2015 Q2,0.039987757764019936,0.051925801592993155,0.04057057686062982,0.027316042782636347,0.027159644097683452,0.04186813312926366,0.036017433205772914,0.027105678975517657,0.03287145594006954,0.04065360527409004,0.10441160465433606,0.09222102099510576,0.10296827812561321,0.089770371999674,0.09381263296589051,0.09172145241765589,0.09933113648124194,0.09650132209627102,0.09055149517410299,0.09802266004710868,0.06600716517160113,0.056162792062591,0.07833026824750838,0.0679498226400733,0.09779562902836822,0.06736553270731142,0.06490812127499496,0.036118389498801105,0.052321635644795333,0.06723848315306144,0.04316437998679029,0.05012025984127641,0.043816307996998545,0.03811748869615838,0.03890423215982881,0.04466719454679611,0.04272656807631444,0.03152747530955413,0.04096062498983981,0.0432656255698585
2015 Q3,0.04442158607882207,0.04074448398931935,0.04159926568733779,0.04212176726069836,0.029445937356866438,0.03870546575421766,0.04510696818188843,0.02423861896992737,0.030550727788373706,0.0401439443278612,0.11698453045813585,0.09700685658379819,0.09239163851857395,0.06851132793124005,0.07177554284528742,0.09799693931611873,0.09169439427883994,0.09971435447549395,0.08735803858933633,0.0937734425586417,0.060924769470008966,0.0638765114916389,0.06609678436225512,0.06869919662173771,0.10875603145811012,0.06433380287277608,0.06018791158843536,0.03746073820916667,0.05243451908833523,0.06330955553391383,0.038647030238701745,0.04531848852396237,0.04305670904992253,0.037186042435255126,0.03655013794096636,0.04406245025140949,0.041640876741135535,0.03023577228806393,0.038724349817236305,0.04006190736690293
2015 Q4,0.03994239860764126,0.051255060084211046,0.04183615601186286,0.048508308873724225,0.03998818956075479,0.034692134913317234,0.04158827717233123,0.03419705079647453,0.02741872246748073,0.03921598777590516,0.11649516874881839,0.09677615652134654,0.08660983399471528,0.06957761913364542,0.08445359821173858,0.10463122058298385,0.09006206439150417,0.08340838659303697,0.08581960478076055,0.09346233792564045,0.06892881810134956,0.058826821371273534,0.06392885823475362,0.06938929531817738,0.09905045122060238,0.06455888148308886,0.054569692038678265,0.045671748443691804,0.05268003956058099,0.06377188963793237,0.03771805890660797,0.04462027880055665,0.04158995925379854,0.03627210424008881,0.033565902792219396,0.042506152930468354,0.040393458730723183,0.029312904069178292,0.03731689486775396,0.0391093934380218
2016 Q1,0.03693607681420472,0.0213694970174814,0.04132901437596114,0.0421045696510826,0.03409533675013823,0.03517265481781781,0.03350518118208278,0.028942909001659297,0.03946335666571357,0.03705667229415496,0.10653771774881611,0.08999607480304564,0.08336112585707907,0.07985203178184438,0.0839442831239982,0.09759186224779182,0.08902267923183836,0.0828413121152647,0.08160396936594551,0.08853207855354092,0.06552580307685808,0.05068433095011433,0.07010976339201203,0.06625474867662715,0.07474520148303722,0.06288294632468124,0.05070310679656366,0.05328251308991639,0.050460589296452994,0.059889275837284005,0.04028200097423287,0.046389035232765295,0.04086344650796825,0.03808982893286794,0.03395287454846556,0.04184094639632477,0.03961279054227282,0.028531996336580972,0.03678642485009343,0.0390045876638403
2016 Q2,0.03224937841924078,0.019658725896635133,0.0374569241647816,0.043356642571454974,0.028379137071972073,0.035127813548942476,0.03849056795085877,0.02515073479159889,0.04453304777734159,0.03699989274847263,0.10702517537689528,0.09484170267325721,0.08270802740795466,0.08755165360707234,0.062327637573543385,0.07799806820442194,0.08649323389052396,0.08916492440711377,0.08034961237933716,0.08747657957172394,0.05831229762262679,0.0584751388072623,0.07152469175043957,0.06216881317163977,0.07841512062019804,0.06234067456258926,0.04336925209356197,0.04446383947876233,0.04733358532549814,0.05776506332759849,0.04006668659171952,0.04281477019176271,0.04207509897664826,0.03792023851945198,0.03422382794121214,0.043367966858409386,0.0398350605116275,0.029377621407294528,0.039465077186594276,0.040169671892958954
2016 Q3,0.028800966573851228,0.05032536480872601,0.04507754783638709,0.0400271021436297,0.02632901575732276,0.03607262260233065,0.042466766190704906,0.04061836476770504,0.045870479548614854,0.03993750055744529,0.10829124259932231,0.09351278282477196,0.07976407063922254,0.09011206712669925,0.0647583310961225,0.07570744002703231,0.08238184692097685,0.09046123732670226,0.08276053067285792,0.08576302388010507,0.05416453144166397,0.04884225397182051,0.06678157640731358,0.0637264905176074,0.07548734958932456,0.0600673234412238,0.04541624985018822,0.05246853728077649,0.04668304054404532,0.057218047244377734,0.03941353637648057,0.04302557292515085,0.04313811987556693,0.035524976265223954,0.032995652512834026,0.04432756966339408,0.04005869683972091,0.028773396391541035,0.04004976297483642,0.039807631467474944
2016 Q4,0.023738356118459272,0.05521711377581288,0.043560846255555626,0.03816309759321313,0.02436067527861703,0.033557384390986184,0.03961579410031105,0.048442514995875006,0.04000820082024826,0.03718476890936741,0.10041310429029648,0.08530020149761923,0.07659066402496216,0.07598015214129254,0.08139700149036289,0.08083486886090359,0.07704615179210353,0.08761151000073826,0.08307669651530068,0.08199549184130847,0.05530023759058187,0.04961000486033373,0.0657164184879214,0.061322460695511435,0.0605253046586632,0.05997457597528104,0.04877746302286463,0.060657510507911114,0.05057468030190781,0.05732274537499634,0.03984850342714694,0.044664272645458365,0.042077456251353576,0.03625375710529841,0.03249269932063753,0.0418347869182808,0.04025358258840953,0.027524636995436252,0.03668957722560093,0.038710631299104986
2017 Q1,0.02402332816947809,0.0415662305607364,0.03363862112645321,0.03775073269624714,0.025124113975297457,0.031507273996612586,0.036578917366030396,0.037437523472734165,0.029781632554146464,0.032967177423205304,0.08388390650209726,0.08248862250707971,0.07884931193101023,0.05928020622041859,0.07030761301249334,0.06774783144585024,0.07707539900369144,0.0725376536492175,0.07684507705007636,0.0774744527799198,0.0579951679119203,0.04454926281087,0.06267151199521163,0.05216063519020853,0.06399695040787999,0.05876018845522486,0.04817299027172283,0.05886361439174124,0.05144499084451087,0.05620086498427402,0.037569059508485984,0.042091669806978635,0.04011692331686649,0.037251434423752686,0.031451262760277314,0.03880641549839583,0.03712693804521453,0.027388109072018507,0.03364140631276261,0.037157555339606255
2017 Q2,0.027286255942851258,0.04680008103934842,0.03536965589830467,0.03696781302075772,0.02139332929871468,0.03708899646431002,0.03549360624738089,0.03355759896766315,0.029133544322348638,0.03498650410909896,0.08104774852834347,0.0786124653546521,0.07837532089055028,0.0689773411485543,0.06185473560791162,0.06121113984064894,0.07379313607252563,0.06768382851163784,0.07375761177946688,0.07390456148789096,0.053200244453421974,0.033925818754141676,0.057318889982646025,0.05002585174465737,0.07451715841700125,0.05228055544784935,0.045580112101569634,0.050189976399747475,0.04558463536669302,0.05115788591453807,0.03547825937058037,0.038310048624576196,0.039896361678324145,0.03431628072099692,0.030499590608009153,0.03880151114030718,0.03587928827512287,0.026877523453518893,0.0328507022518015,0.035854706425396884
2017 Q3,0.03538873794384876,0.0369266157592669,0.04279398359280235,0.05024707052201905,0.021992079623115328,0.03675627302209233,0.035816669950742425,0.045718743216876974,0.03026481292196162,0.03845977981166953,0.09433996495255038,0.06732031178576428,0.07443243053318921,0.08633739680566677,0.059504192520945555,0.06955604504285719,0.07582486024059404,0.06618025663702055,0.07207707270932234,0.07529305764279784,0.04415540256811376,0.03832118675330047,0.05727123643748735,0.05343846755885181,0.07527892934931421,0.048995247345224376,0.04376116276595966,0.041146498289019735,0.042168721289969804,0.049420217796853176,0.035149511464678304,0.03753691969346374,0.039735667194988444,0.030749077281770842,0.030442476224018578,0.03904162310632227,0.03460068792528202,0.026799572100262077,0.03325896731771452,0.035250095232311825
2017 Q4,0.03183401725677651,0.02119266794497636,0.043242961016651864,0.061955440536363066,0.03380113232639011,0.030753327079257608,0.03199430684978017,0.048502804964885494,0.02892302506465789,0.035043968945550286,0.09169794602729481,0.06324305509722329,0.07727183542930395,0.08323655415817152,0.059395655515257564,0.07381053243476135,0.07694038722284871,0.06890314004716608,0.07128938669821874,0.07444271088694335,0.047400949116252596,0.031924984375766956,0.05461463081500055,0.05424633005124323,0.0704810490379484,0.05156544572397952,0.045386531162015416,0.04377188601767823,0.042918689882613985,0.0492639212566387,0.03371838202832798,0.03692018191652649,0.039019684783545956,0.02888484744277844,0.029401270751206042,0.03761518284455776,0.03307442402457651,0.025206084798977568,0.03209779536784406,0.03318237729329637
2018 Q1,0.024431133555901045,0.027027393767348303,0.03249002678076103,0.04465104561611923,0.05144694939453565,0.028291262302381895,0.02996512036087803,0.035612537014815926,0.023373859931239672,0.03048817744603558,0.07299196354158528,0.06762886489163324,0.0748909538003252,0.06855714942630561,0.06130881385068981,0.07295968557141029,0.07335138737412598,0.07309798822827743,0.0671331339608455,0.0705914955791192,0.0528282636133223,0.03776258402969416,0.05201336714005705,0.04927440833423569,0.07157866998726806,0.0540544805511071,0.04623572459456888,0.04474246423012714,0.045103246359307965,0.0497407285132776,0.033177848418500404,0.034700485182902904,0.038410816074680804,0.02992505162898331,0.026077030148269134,0.035229454316111616,0.03103490295470267,0.023968377195295862,0.030582200586225076,0.03210019471932567
2018 Q2,0.02811770819475936,0.03195827696115664,0.027348381620123274,0.02337824534506009,0.04135825889690638,0.0304626878069055,0.029873642926071246,0.0251848835656114,0.03266900414631751,0.030180013893816707,0.06573952327243412,0.06387022707907118,0.06775708969904208,0.062005507563047735,0.056712311255764716,0.06785251442494077,0.06763867959143159,0.05996394675342487,0.06295806284467044,0.0651251500199502,0.04765440370620144,0.04160837396195413,0.04917299986886438,0.04489101987221231,0.06085535734084448,0.0521006940382108,0.043276249918949794,0.05023394283947005,0.04358511698450219,0.04780477219332697,0.03362279067755203,0.035239000785692545,0.037403009331273704,0.031589576401648334,0.027107686569508824,0.03405421351238821,0.029912173571817607,0.023486315935589527,0.0296078982236399,0.032207150267676184
2018 Q3,0.03241860291648275,0.028876063566293214,0.027123031749659954,0.025449107554936977,0.028114586085777316,0.03504891260946707,0.031001611004099525,0.03129295179642613,0.03990322095727904,0.031858166463024036,0.07513501934939243,0.06686383651404705,0.06346711644176077,0.07791287336886704,0.05331515948523535,0.06395816752668883,0.06216406383450681,0.055431745851845515,0.06312643791230778,0.06252603031119323,0.03641386002152938,0.041493072149998866,0.04805391644134656,0.04377109551036058,0.05043366426750982,0.049896379969138524,0.04020244491774808,0.048593946521040154,0.04181423195096794,0.044078644043589535,0.03358571226037901,0.0344237736842632,0.035925476190005426,0.03194733429174857,0.02858374225079232,0.033731955644168955,0.03103072702510007,0.023231135087031722,0.028093527674184507,0.031119079141937074
2018 Q4,0.03475853281974229,0.03770260543004786,0.029871898168094886,0.02932062251168119,0.03502926708711708,0.03506829721252138,0.041156116014970094,0.0360569150540165,0.03505895614985407,0.03410621513100501,0.0761174400675385,0.07290414399489153,0.06663068903983997,0.06932585023873876,0.05850149154304371,0.05949837633462898,0.06530723125285634,0.07446220420715598,0.06290817045224757,0.06510123200873245,0.03392758978207529,0.05307024186083044,0.04695204380828014,0.0475138318602165,0.05367527502803515,0.05242909035541518,0.039715250310634415,0.04103748064059193,0.0427921752840295,0.04530748853915417,0.03436436720333593,0.03274662381889369,0.03394055542104479,0.032506555299232465,0.02633619863381661,0.03606501891977597,0.030080242892135456,0.0233829483357549,0.029180940776068785,0.031097399325945466
2019 Q1,0.03332015487101176,0.026483162712470726,0.030095760807353347,0.025945027781882617,0.02908123038191673,0.03254482925561564,0.029781455207942436,0.03739657802167115,0.03202648142502468,0.032048602553140286,0.07668296349030462,0.07113282488648669,0.06792496019051189,0.057676551650811814,0.0566457745600933,0.05136824529571541,0.06678973462283787,0.07514833500413672,0.06084339497027738,0.06607965732450416,0.038467589614827,0.055245626213994224,0.04913397033923201,0.04975243284776659,0.05248142974501565,0.05652920271342145,0.0365377821536101,0.0400578263252637,0.038842353054809445,0.04704295530222858,0.03294955305237004,0.03228262214981113,0.03180108289555805,0.031382031097288425,0.0242733474701644,0.035239708382897854,0.02962895666600835,0.02299084392231457,0.02967649119464433,0.031080741334707382
2019 Q2,0.028976173968188176,0.010259991542981173,0.021245460035567893,0.027084419134840672,0.021252300548969923,0.03271624966716409,0.018747605346126815,0.03690793858411352,0.028024851362447194,0.02717659349281528,0.07696024822050505,0.0723034226129956,0.06993434016720301,0.0561858230747317,0.04561189573714259,0.05223843105005225,0.061952010369133184,0.059201284613989956,0.06201923517186571,0.06236207095309637,0.03797161111955364,0.0460403580854695,0.04624877792802056,0.04657855581138436,0.04742280669676074,0.05057406634477404,0.03560591923786308,0.04222425272150957,0.037586303925041226,0.04258919173590004,0.03107277726909479,0.030962108098558046,0.031174405478199885,0.02951406262411833,0.02501556119080384,0.034639575685765596,0.029284217098607252,0.023060164895544705,0.026785407208533764,0.02932414220876274
2019 Q3,0.026591262452690678,0.008849099720834813,0.01527978353930197,0.0359190580697004,0.01566335812096182,0.03694457266766606,0.023739378565821125,0.025381748460198104,0.018525596914212638,0.0278925125067796,0.07187310019331537,0.07030074841016896,0.06673592763022573,0.0558287405354644,0.0448658039306048,0.053245333733577524,0.0556998453173439,0.0587557849752909,0.0643220110477933,0.05977982386717977,0.0377073030851475,0.03765132691451398,0.043248527064974715,0.04447770371414052,0.04418137910220082,0.04034005871246427,0.03908494042858712,0.03754067527695912,0.04292281994371958,0.040791102523900044,0.032527429396021,0.03224718413767347,0.0353642875940374,0.030128265610229712,0.027354528978089706,0.03533262075551205,0.029645310492436718,0.02496557897986539,0.026728540386279958,0.030748688670134614
2019 Q4,0.029148584317030806,0.016482712032470398,0.024042176531509935,0.04970921870260524,0.010785011425000615,0.034393408027396453,0.021242186049669515,0.02022764600353888,0.022876577279853143,0.028858556556539457,0.06692702171229385,0.06596581946096064,0.060417145602434476,0.05624973359282551,0.04933977247108866,0.05179651634743453,0.056834907470882164,0.05555164719501611,0.06161669306268812,0.05691849526654821,0.043450103266826585,0.031019000499991782,0.046584951122615646,0.042604388073078564,0.0473737635391828,0.04177746032935148,0.03902620922228518,0.037590922630226495,0.043389039493478145,0.04169550933854139,0.031289171717800504,0.03420192843211771,0.036667459141037216,0.03135376319384183,0.027517208092633607,0.03169062323028436,0.02938372388049319,0.02543469454155019,0.028711526835468966,0.030250932950925992
2020 Q1,0.037651752792256174,0.020544531496704332,0.03333776967928696,0.058312043995854455,0.017382449973992752,0.029497014351582456,0.022335983362913855,0.01877788672009113,0.030826459866418184,0.030529009968264343,0.07141507920631898,0.07139238757919317,0.06691807345102548,0.06044138610862038,0.044958223847040776,0.053262482415377684,0.06646065386063345,0.05278495130039824,0.06699593391667111,0.061717227128123456,0.05554174526334906,0.0393576942511185,0.05386150955910752,0.047136878412747156,0.04410888360688125,0.050970541633981785,0.03936868785693291,0.046916095281778876,0.05087607219167618,0.0480211194417432,0.030008166395498376,0.03443701628103638,0.033532100397658686,0.03453291775575029,0.027414316815547703,0.0317109184449705,0.029718446136499502,0.026180002277877742,0.030803830909308695,0.03027367047400814
2020 Q2,0.11188675954596612,0.07528868503738897,0.15965687862296335,0.16889148585871336,0.1347103298819789,0.14190782617404046,0.0967244186722561,0.08362050190765413,0.10944434774144676,0.13531826841918648,0.23454353452510945,0.16478405116313616,0.1888402218272371,0.15979058041384292,0.13976005052767063,0.17790964839483758,0.14517299072438114,0.12070345572400713,0.15824414278206508,0.17442073175647127,0.2105031472672643,0.16287345651681268,0.21331248197945657,0.14141719484733306,0.20177272627619464,0.17130308430836208,0.13914694897899477,0.11652499976126772,0.1295557520005102,0.1684453584207123,0.12072442099700921,0.10273801507939614,0.12254403335800211,0.09180273820748605,0.10675403290404398,0.12504794417737214,0.08926504949627562,0.07410090617179362,0.07594768781855182,0.10767905359230935
2020 Q3,0.0679933854541116,0.057981312225804695,0.12730203168002477,0.1173762514925728,0.0852708549759552,0.10807417265331577,0.0869942525074801,0.07282027381795712,0.0819159126168582,0.10171972945740472,0.15143788684063186,0.10179082996843243,0.14729623939739092,0.11197963608053249,0.10468774490475193,0.13401875722063486,0.09817539463768235,0.08990613689894851,0.11031779752055328,0.11994813629598737,0.1192619137830966,0.09451375416640442,0.15450854445114232,0.09579169806305628,0.13988847534659477,0.1186996569046892,0.10065401624703828,0.07266917880980535,0.09133459407947796,0.11313986286169089,0.07295143616158528,0.057965568340257234,0.08885918883681657,0.06130087032671371,0.07048951384131094,0.09168990546283556,0.06322678790156908,0.049034903878117896,0.05753963747797882,0.07288670044965943
2020 Q4,0.05214494528803588,0.041976590791429916,0.08955686132191652,0.09754760824404465,0.06555634677603359,0.07900038116463903,0.06603423358598591,0.051261480461892134,0.053979223647718504,0.07552154498912746,0.12800541090416134,0.09710101240156004,0.13065622612776143,0.10440780507727383,0.0824802204178816,0.10425617817141944,0.08380490295691918,0.08126393906392176,0.09239954956420707,0.10189264200194983,0.08435181154015674,0.06199524361068914,0.11271078695524367,0.0734622245637143,0.09362317282412791,0.09705559853872382,0.07309747500882267,0.056190592857785535,0.07349460956624795,0.0871162713902431,0.05103834840576893,0.043904593419546716,0.06346760128552889,0.04918646615907567,0.05132779826685294,0.06915312953830062,0.046392357287950804,0.039147490781852506,0.0476057746253047,0.05358086913633727
2021 Q1,0.04301282664297838,0.025223317019540316,0.07556665711608773,0.07266510341643306,0.06013830829602232,0.0609300350129656,0.03872635045086545,0.03197070212213152,0.04151040285562516,0.05906736347634235,0.10598390162571958,0.08152350124773806,0.1194665269925311,0.11505200006892415,0.07230788580350897,0.08768750855509717,0.08087310562058306,0.06198002699913069,0.09095027292236899,0.09407623470806847,0.07362504949806095,0.05142979234924493,0.10942302730777015,0.0671926813387539,0.08849257294823437,0.08765678444751465,0.06798713050227745,0.04659968638160121,0.06839220622436613,0.08341628857406358,0.046179721814014814,0.04232950775379216,0.058359838412877146,0.04442986987197399,0.04690649584375038,0.05905008607953372,0.04087794501405384,0.035935278769160854,0.03973051968111542,0.0487497790156299
2021 Q2,0.04533692191378972,0.0393392808815453,0.0664388325415473,0.061835594657540904,0.052468982249359586,0.061329714718913284,0.03242508083605269,0.03319178895602226,0.03637339050539727,0.0577794932578817,0.10277977991206207,0.07163013589330114,0.10563183551795753,0.11755177701951165,0.07366303355074659,0.09710867697360503,0.08021293271314173,0.06418133812190854,0.08359778541296078,0.09150705441744834,0.06403673203691977,0.053310852831469635,0.10005971416399938,0.06261229114900525,0.08547688360886595,0.07500985810707335,0.06092829076422815,0.04376038756305337,0.06399322951376087,0.0770621607370686,0.04399331997314648,0.04005791007326465,0.05583999117790786,0.04110602891777229,0.04519742364533904,0.05197262014483491,0.03937208984239622,0.0324882619624129,0.03676182454352527,0.04655189313054935
2021 Q3,0.03790565430571854,0.023226718086432084,0.056506325221344765,0.05142306401910831,0.06027152405243965,0.05566630399867555,0.03418047901358192,0.03997409219276171,0.025485576279797834,0.050883709164437914,0.10997267463901943,0.06769980639581101,0.10031920311854951,0.10110111085340502,0.05506098396683574,0.10304124636795096,0.07152492421938808,0.07507869695515011,0.07200197079578202,0.08311542901984302,0.056254206125021355,0.04273818287694572,0.08332122089315176,0.052060204160464835,0.07648067964458408,0.06405036555717773,0.04976939563018237,0.03634041464851699,0.05401738523517051,0.06263400780765176,0.03763318839539444,0.03722790183201221,0.05049928880437802,0.03696724179739479,0.04126348923029538,0.04420500107815353,0.0391617476578076,0.029163438738928578,0.03327080403168649,0.04044510001237518
2021 Q4,0.030208481656411695,0.006464546246002009,0.050791086350375755,0.030034365850981095,0.0483819893459677,0.04725105779543302,0.04126569385772505,0.03730623172348473,0.02178967503461908,0.0414115114367773,0.0970626136056005,0.07122706483911609,0.0943242394687272,0.08808526666610124,0.052321298543147036,0.09000864572477703,0.06425550373816624,0.09161700562449394,0.06408006988736539,0.0721311556897027,0.0493658159271876,0.03637389706246189,0.07126815883474964,0.04587784535898952,0.07301376041064493,0.05513530527458897,0.04131592472673322,0.03617231344759235,0.04917214851434211,0.05157859473342702,0.032144200339596134,0.033083925602935126,0.04193017702513007,0.03320847818998918,0.035333946104970974,0.04038582189021219,0.03514022070676388,0.025576486572107433,0.027075321930279235,0.032986035300161504
